web-scraper-order,web-scraper-start-url,pin
"1612788117-122","https://www.google.com/search?q=pincodes+in+bangalore&oq=pincodes+in+bangalore&aqs=chrome..69i57j0j0i10i22i30j0i22i30l5.13608j0j7&sourceid=chrome&ie=UTF-8","562130"
"1612788117-26","https://www.google.com/search?q=pincodes+in+bangalore&oq=pincodes+in+bangalore&aqs=chrome..69i57j0j0i10i22i30j0i22i30l5.13608j0j7&sourceid=chrome&ie=UTF-8","560024"
"1612788117-19","https://www.google.com/search?q=pincodes+in+bangalore&oq=pincodes+in+bangalore&aqs=chrome..69i57j0j0i10i22i30j0i22i30l5.13608j0j7&sourceid=chrome&ie=UTF-8","560017"
"1612788117-57","https://www.google.com/search?q=pincodes+in+bangalore&oq=pincodes+in+bangalore&aqs=chrome..69i57j0j0i10i22i30j0i22i30l5.13608j0j7&sourceid=chrome&ie=UTF-8","560056"
"1612788117-47","https://www.google.com/search?q=pincodes+in+bangalore&oq=pincodes+in+bangalore&aqs=chrome..69i57j0j0i10i22i30j0i22i30l5.13608j0j7&sourceid=chrome&ie=UTF-8","560046"
"1612788117-42","https://www.google.com/search?q=pincodes+in+bangalore&oq=pincodes+in+bangalore&aqs=chrome..69i57j0j0i10i22i30j0i22i30l5.13608j0j7&sourceid=chrome&ie=UTF-8","560040"
"1612788117-118","https://www.google.com/search?q=pincodes+in+bangalore&oq=pincodes+in+bangalore&aqs=chrome..69i57j0j0i10i22i30j0i22i30l5.13608j0j7&sourceid=chrome&ie=UTF-8","562114"
"1612788117-86","https://www.google.com/search?q=pincodes+in+bangalore&oq=pincodes+in+bangalore&aqs=chrome..69i57j0j0i10i22i30j0i22i30l5.13608j0j7&sourceid=chrome&ie=UTF-8","560085"
"1612788117-72","https://www.google.com/search?q=pincodes+in+bangalore&oq=pincodes+in+bangalore&aqs=chrome..69i57j0j0i10i22i30j0i22i30l5.13608j0j7&sourceid=chrome&ie=UTF-8","560071"
"1612788117-25","https://www.google.com/search?q=pincodes+in+bangalore&oq=pincodes+in+bangalore&aqs=chrome..69i57j0j0i10i22i30j0i22i30l5.13608j0j7&sourceid=chrome&ie=UTF-8","560023"
"1612788117-63","https://www.google.com/search?q=pincodes+in+bangalore&oq=pincodes+in+bangalore&aqs=chrome..69i57j0j0i10i22i30j0i22i30l5.13608j0j7&sourceid=chrome&ie=UTF-8","560062"
"1612788117-110","https://www.google.com/search?q=pincodes+in+bangalore&oq=pincodes+in+bangalore&aqs=chrome..69i57j0j0i10i22i30j0i22i30l5.13608j0j7&sourceid=chrome&ie=UTF-8","560111"
"1612788117-116","https://www.google.com/search?q=pincodes+in+bangalore&oq=pincodes+in+bangalore&aqs=chrome..69i57j0j0i10i22i30j0i22i30l5.13608j0j7&sourceid=chrome&ie=UTF-8","562109"
"1612788117-82","https://www.google.com/search?q=pincodes+in+bangalore&oq=pincodes+in+bangalore&aqs=chrome..69i57j0j0i10i22i30j0i22i30l5.13608j0j7&sourceid=chrome&ie=UTF-8","560081"
"1612788117-79","https://www.google.com/search?q=pincodes+in+bangalore&oq=pincodes+in+bangalore&aqs=chrome..69i57j0j0i10i22i30j0i22i30l5.13608j0j7&sourceid=chrome&ie=UTF-8","560078"
"1612788117-58","https://www.google.com/search?q=pincodes+in+bangalore&oq=pincodes+in+bangalore&aqs=chrome..69i57j0j0i10i22i30j0i22i30l5.13608j0j7&sourceid=chrome&ie=UTF-8","560057"
"1612788117-18","https://www.google.com/search?q=pincodes+in+bangalore&oq=pincodes+in+bangalore&aqs=chrome..69i57j0j0i10i22i30j0i22i30l5.13608j0j7&sourceid=chrome&ie=UTF-8","560016"
"1612788117-23","https://www.google.com/search?q=pincodes+in+bangalore&oq=pincodes+in+bangalore&aqs=chrome..69i57j0j0i10i22i30j0i22i30l5.13608j0j7&sourceid=chrome&ie=UTF-8","560021"
"1612788117-62","https://www.google.com/search?q=pincodes+in+bangalore&oq=pincodes+in+bangalore&aqs=chrome..69i57j0j0i10i22i30j0i22i30l5.13608j0j7&sourceid=chrome&ie=UTF-8","560061"
"1612788117-90","https://www.google.com/search?q=pincodes+in+bangalore&oq=pincodes+in+bangalore&aqs=chrome..69i57j0j0i10i22i30j0i22i30l5.13608j0j7&sourceid=chrome&ie=UTF-8","560089"
"1612788117-10","https://www.google.com/search?q=pincodes+in+bangalore&oq=pincodes+in+bangalore&aqs=chrome..69i57j0j0i10i22i30j0i22i30l5.13608j0j7&sourceid=chrome&ie=UTF-8","560008"
"1612788117-92","https://www.google.com/search?q=pincodes+in+bangalore&oq=pincodes+in+bangalore&aqs=chrome..69i57j0j0i10i22i30j0i22i30l5.13608j0j7&sourceid=chrome&ie=UTF-8","560091"
"1612788117-94","https://www.google.com/search?q=pincodes+in+bangalore&oq=pincodes+in+bangalore&aqs=chrome..69i57j0j0i10i22i30j0i22i30l5.13608j0j7&sourceid=chrome&ie=UTF-8","560093"
"1612788117-84","https://www.google.com/search?q=pincodes+in+bangalore&oq=pincodes+in+bangalore&aqs=chrome..69i57j0j0i10i22i30j0i22i30l5.13608j0j7&sourceid=chrome&ie=UTF-8","560083"
"1612788117-11","https://www.google.com/search?q=pincodes+in+bangalore&oq=pincodes+in+bangalore&aqs=chrome..69i57j0j0i10i22i30j0i22i30l5.13608j0j7&sourceid=chrome&ie=UTF-8","560009"
"1612788117-36","https://www.google.com/search?q=pincodes+in+bangalore&oq=pincodes+in+bangalore&aqs=chrome..69i57j0j0i10i22i30j0i22i30l5.13608j0j7&sourceid=chrome&ie=UTF-8","560034"
"1612788117-65","https://www.google.com/search?q=pincodes+in+bangalore&oq=pincodes+in+bangalore&aqs=chrome..69i57j0j0i10i22i30j0i22i30l5.13608j0j7&sourceid=chrome&ie=UTF-8","560064"
"1612788117-81","https://www.google.com/search?q=pincodes+in+bangalore&oq=pincodes+in+bangalore&aqs=chrome..69i57j0j0i10i22i30j0i22i30l5.13608j0j7&sourceid=chrome&ie=UTF-8","560080"
"1612788117-78","https://www.google.com/search?q=pincodes+in+bangalore&oq=pincodes+in+bangalore&aqs=chrome..69i57j0j0i10i22i30j0i22i30l5.13608j0j7&sourceid=chrome&ie=UTF-8","560077"
"1612788117-83","https://www.google.com/search?q=pincodes+in+bangalore&oq=pincodes+in+bangalore&aqs=chrome..69i57j0j0i10i22i30j0i22i30l5.13608j0j7&sourceid=chrome&ie=UTF-8","560082"
"1612788117-89","https://www.google.com/search?q=pincodes+in+bangalore&oq=pincodes+in+bangalore&aqs=chrome..69i57j0j0i10i22i30j0i22i30l5.13608j0j7&sourceid=chrome&ie=UTF-8","560088"
"1612788117-44","https://www.google.com/search?q=pincodes+in+bangalore&oq=pincodes+in+bangalore&aqs=chrome..69i57j0j0i10i22i30j0i22i30l5.13608j0j7&sourceid=chrome&ie=UTF-8","560042"
"1612788117-48","https://www.google.com/search?q=pincodes+in+bangalore&oq=pincodes+in+bangalore&aqs=chrome..69i57j0j0i10i22i30j0i22i30l5.13608j0j7&sourceid=chrome&ie=UTF-8","560047"
"1612788117-59","https://www.google.com/search?q=pincodes+in+bangalore&oq=pincodes+in+bangalore&aqs=chrome..69i57j0j0i10i22i30j0i22i30l5.13608j0j7&sourceid=chrome&ie=UTF-8","560058"
"1612788117-76","https://www.google.com/search?q=pincodes+in+bangalore&oq=pincodes+in+bangalore&aqs=chrome..69i57j0j0i10i22i30j0i22i30l5.13608j0j7&sourceid=chrome&ie=UTF-8","560075"
"1612788117-70","https://www.google.com/search?q=pincodes+in+bangalore&oq=pincodes+in+bangalore&aqs=chrome..69i57j0j0i10i22i30j0i22i30l5.13608j0j7&sourceid=chrome&ie=UTF-8","560069"
"1612788117-34","https://www.google.com/search?q=pincodes+in+bangalore&oq=pincodes+in+bangalore&aqs=chrome..69i57j0j0i10i22i30j0i22i30l5.13608j0j7&sourceid=chrome&ie=UTF-8","560032"
"1612788117-22","https://www.google.com/search?q=pincodes+in+bangalore&oq=pincodes+in+bangalore&aqs=chrome..69i57j0j0i10i22i30j0i22i30l5.13608j0j7&sourceid=chrome&ie=UTF-8","560020"
"1612788117-55","https://www.google.com/search?q=pincodes+in+bangalore&oq=pincodes+in+bangalore&aqs=chrome..69i57j0j0i10i22i30j0i22i30l5.13608j0j7&sourceid=chrome&ie=UTF-8","560054"
"1612788117-60","https://www.google.com/search?q=pincodes+in+bangalore&oq=pincodes+in+bangalore&aqs=chrome..69i57j0j0i10i22i30j0i22i30l5.13608j0j7&sourceid=chrome&ie=UTF-8","560059"
"1612788117-103","https://www.google.com/search?q=pincodes+in+bangalore&oq=pincodes+in+bangalore&aqs=chrome..69i57j0j0i10i22i30j0i22i30l5.13608j0j7&sourceid=chrome&ie=UTF-8","560103"
"1612788117-106","https://www.google.com/search?q=pincodes+in+bangalore&oq=pincodes+in+bangalore&aqs=chrome..69i57j0j0i10i22i30j0i22i30l5.13608j0j7&sourceid=chrome&ie=UTF-8","560107"
"1612788117-67","https://www.google.com/search?q=pincodes+in+bangalore&oq=pincodes+in+bangalore&aqs=chrome..69i57j0j0i10i22i30j0i22i30l5.13608j0j7&sourceid=chrome&ie=UTF-8","560066"
"1612788117-73","https://www.google.com/search?q=pincodes+in+bangalore&oq=pincodes+in+bangalore&aqs=chrome..69i57j0j0i10i22i30j0i22i30l5.13608j0j7&sourceid=chrome&ie=UTF-8","560072"
"1612788117-17","https://www.google.com/search?q=pincodes+in+bangalore&oq=pincodes+in+bangalore&aqs=chrome..69i57j0j0i10i22i30j0i22i30l5.13608j0j7&sourceid=chrome&ie=UTF-8","560015"
"1612788117-117","https://www.google.com/search?q=pincodes+in+bangalore&oq=pincodes+in+bangalore&aqs=chrome..69i57j0j0i10i22i30j0i22i30l5.13608j0j7&sourceid=chrome&ie=UTF-8","562112"
"1612788117-112","https://www.google.com/search?q=pincodes+in+bangalore&oq=pincodes+in+bangalore&aqs=chrome..69i57j0j0i10i22i30j0i22i30l5.13608j0j7&sourceid=chrome&ie=UTF-8","560114"
"1612788117-111","https://www.google.com/search?q=pincodes+in+bangalore&oq=pincodes+in+bangalore&aqs=chrome..69i57j0j0i10i22i30j0i22i30l5.13608j0j7&sourceid=chrome&ie=UTF-8","560113"
"1612788117-121","https://www.google.com/search?q=pincodes+in+bangalore&oq=pincodes+in+bangalore&aqs=chrome..69i57j0j0i10i22i30j0i22i30l5.13608j0j7&sourceid=chrome&ie=UTF-8","562129"
"1612788117-54","https://www.google.com/search?q=pincodes+in+bangalore&oq=pincodes+in+bangalore&aqs=chrome..69i57j0j0i10i22i30j0i22i30l5.13608j0j7&sourceid=chrome&ie=UTF-8","560053"
"1612788117-46","https://www.google.com/search?q=pincodes+in+bangalore&oq=pincodes+in+bangalore&aqs=chrome..69i57j0j0i10i22i30j0i22i30l5.13608j0j7&sourceid=chrome&ie=UTF-8","560045"
"1612788117-21","https://www.google.com/search?q=pincodes+in+bangalore&oq=pincodes+in+bangalore&aqs=chrome..69i57j0j0i10i22i30j0i22i30l5.13608j0j7&sourceid=chrome&ie=UTF-8","560019"
"1612788117-102","https://www.google.com/search?q=pincodes+in+bangalore&oq=pincodes+in+bangalore&aqs=chrome..69i57j0j0i10i22i30j0i22i30l5.13608j0j7&sourceid=chrome&ie=UTF-8","560102"
"1612788117-53","https://www.google.com/search?q=pincodes+in+bangalore&oq=pincodes+in+bangalore&aqs=chrome..69i57j0j0i10i22i30j0i22i30l5.13608j0j7&sourceid=chrome&ie=UTF-8","560052"
"1612788117-95","https://www.google.com/search?q=pincodes+in+bangalore&oq=pincodes+in+bangalore&aqs=chrome..69i57j0j0i10i22i30j0i22i30l5.13608j0j7&sourceid=chrome&ie=UTF-8","560094"
"1612788117-16","https://www.google.com/search?q=pincodes+in+bangalore&oq=pincodes+in+bangalore&aqs=chrome..69i57j0j0i10i22i30j0i22i30l5.13608j0j7&sourceid=chrome&ie=UTF-8","560014"
"1612788117-80","https://www.google.com/search?q=pincodes+in+bangalore&oq=pincodes+in+bangalore&aqs=chrome..69i57j0j0i10i22i30j0i22i30l5.13608j0j7&sourceid=chrome&ie=UTF-8","560079"
"1612788117-20","https://www.google.com/search?q=pincodes+in+bangalore&oq=pincodes+in+bangalore&aqs=chrome..69i57j0j0i10i22i30j0i22i30l5.13608j0j7&sourceid=chrome&ie=UTF-8","560018"
"1612788117-14","https://www.google.com/search?q=pincodes+in+bangalore&oq=pincodes+in+bangalore&aqs=chrome..69i57j0j0i10i22i30j0i22i30l5.13608j0j7&sourceid=chrome&ie=UTF-8","560012"
"1612788117-7","https://www.google.com/search?q=pincodes+in+bangalore&oq=pincodes+in+bangalore&aqs=chrome..69i57j0j0i10i22i30j0i22i30l5.13608j0j7&sourceid=chrome&ie=UTF-8","560005"
"1612788117-88","https://www.google.com/search?q=pincodes+in+bangalore&oq=pincodes+in+bangalore&aqs=chrome..69i57j0j0i10i22i30j0i22i30l5.13608j0j7&sourceid=chrome&ie=UTF-8","560087"
"1612788117-99","https://www.google.com/search?q=pincodes+in+bangalore&oq=pincodes+in+bangalore&aqs=chrome..69i57j0j0i10i22i30j0i22i30l5.13608j0j7&sourceid=chrome&ie=UTF-8","560098"
"1612788117-113","https://www.google.com/search?q=pincodes+in+bangalore&oq=pincodes+in+bangalore&aqs=chrome..69i57j0j0i10i22i30j0i22i30l5.13608j0j7&sourceid=chrome&ie=UTF-8","560140"
"1612788117-9","https://www.google.com/search?q=pincodes+in+bangalore&oq=pincodes+in+bangalore&aqs=chrome..69i57j0j0i10i22i30j0i22i30l5.13608j0j7&sourceid=chrome&ie=UTF-8","560007"
"1612788117-91","https://www.google.com/search?q=pincodes+in+bangalore&oq=pincodes+in+bangalore&aqs=chrome..69i57j0j0i10i22i30j0i22i30l5.13608j0j7&sourceid=chrome&ie=UTF-8","560090"
"1612788117-4","https://www.google.com/search?q=pincodes+in+bangalore&oq=pincodes+in+bangalore&aqs=chrome..69i57j0j0i10i22i30j0i22i30l5.13608j0j7&sourceid=chrome&ie=UTF-8","560002"
"1612788117-13","https://www.google.com/search?q=pincodes+in+bangalore&oq=pincodes+in+bangalore&aqs=chrome..69i57j0j0i10i22i30j0i22i30l5.13608j0j7&sourceid=chrome&ie=UTF-8","560011"
"1612788117-56","https://www.google.com/search?q=pincodes+in+bangalore&oq=pincodes+in+bangalore&aqs=chrome..69i57j0j0i10i22i30j0i22i30l5.13608j0j7&sourceid=chrome&ie=UTF-8","560055"
"1612788117-39","https://www.google.com/search?q=pincodes+in+bangalore&oq=pincodes+in+bangalore&aqs=chrome..69i57j0j0i10i22i30j0i22i30l5.13608j0j7&sourceid=chrome&ie=UTF-8","560037"
"1612788117-28","https://www.google.com/search?q=pincodes+in+bangalore&oq=pincodes+in+bangalore&aqs=chrome..69i57j0j0i10i22i30j0i22i30l5.13608j0j7&sourceid=chrome&ie=UTF-8","560026"
"1612788117-33","https://www.google.com/search?q=pincodes+in+bangalore&oq=pincodes+in+bangalore&aqs=chrome..69i57j0j0i10i22i30j0i22i30l5.13608j0j7&sourceid=chrome&ie=UTF-8","560031"
"1612788117-49","https://www.google.com/search?q=pincodes+in+bangalore&oq=pincodes+in+bangalore&aqs=chrome..69i57j0j0i10i22i30j0i22i30l5.13608j0j7&sourceid=chrome&ie=UTF-8","560048"
"1612788117-66","https://www.google.com/search?q=pincodes+in+bangalore&oq=pincodes+in+bangalore&aqs=chrome..69i57j0j0i10i22i30j0i22i30l5.13608j0j7&sourceid=chrome&ie=UTF-8","560065"
"1612788117-24","https://www.google.com/search?q=pincodes+in+bangalore&oq=pincodes+in+bangalore&aqs=chrome..69i57j0j0i10i22i30j0i22i30l5.13608j0j7&sourceid=chrome&ie=UTF-8","560022"
"1612788117-43","https://www.google.com/search?q=pincodes+in+bangalore&oq=pincodes+in+bangalore&aqs=chrome..69i57j0j0i10i22i30j0i22i30l5.13608j0j7&sourceid=chrome&ie=UTF-8","560041"
"1612788117-15","https://www.google.com/search?q=pincodes+in+bangalore&oq=pincodes+in+bangalore&aqs=chrome..69i57j0j0i10i22i30j0i22i30l5.13608j0j7&sourceid=chrome&ie=UTF-8","560013"
"1612788117-77","https://www.google.com/search?q=pincodes+in+bangalore&oq=pincodes+in+bangalore&aqs=chrome..69i57j0j0i10i22i30j0i22i30l5.13608j0j7&sourceid=chrome&ie=UTF-8","560076"
"1612788117-108","https://www.google.com/search?q=pincodes+in+bangalore&oq=pincodes+in+bangalore&aqs=chrome..69i57j0j0i10i22i30j0i22i30l5.13608j0j7&sourceid=chrome&ie=UTF-8","560109"
"1612788117-30","https://www.google.com/search?q=pincodes+in+bangalore&oq=pincodes+in+bangalore&aqs=chrome..69i57j0j0i10i22i30j0i22i30l5.13608j0j7&sourceid=chrome&ie=UTF-8","560028"
"1612788117-128","https://www.google.com/search?q=pincodes+in+bangalore&oq=pincodes+in+bangalore&aqs=chrome..69i57j0j0i10i22i30j0i22i30l5.13608j0j7&sourceid=chrome&ie=UTF-8","635124"
"1612788117-2","https://www.google.com/search?q=pincodes+in+bangalore&oq=pincodes+in+bangalore&aqs=chrome..69i57j0j0i10i22i30j0i22i30l5.13608j0j7&sourceid=chrome&ie=UTF-8","530068"
"1612788117-45","https://www.google.com/search?q=pincodes+in+bangalore&oq=pincodes+in+bangalore&aqs=chrome..69i57j0j0i10i22i30j0i22i30l5.13608j0j7&sourceid=chrome&ie=UTF-8","560043"
"1612788117-68","https://www.google.com/search?q=pincodes+in+bangalore&oq=pincodes+in+bangalore&aqs=chrome..69i57j0j0i10i22i30j0i22i30l5.13608j0j7&sourceid=chrome&ie=UTF-8","560067"
"1612788117-126","https://www.google.com/search?q=pincodes+in+bangalore&oq=pincodes+in+bangalore&aqs=chrome..69i57j0j0i10i22i30j0i22i30l5.13608j0j7&sourceid=chrome&ie=UTF-8","563160"
"1612788117-115","https://www.google.com/search?q=pincodes+in+bangalore&oq=pincodes+in+bangalore&aqs=chrome..69i57j0j0i10i22i30j0i22i30l5.13608j0j7&sourceid=chrome&ie=UTF-8","562107"
"1612788117-85","https://www.google.com/search?q=pincodes+in+bangalore&oq=pincodes+in+bangalore&aqs=chrome..69i57j0j0i10i22i30j0i22i30l5.13608j0j7&sourceid=chrome&ie=UTF-8","560084"
"1612788117-101","https://www.google.com/search?q=pincodes+in+bangalore&oq=pincodes+in+bangalore&aqs=chrome..69i57j0j0i10i22i30j0i22i30l5.13608j0j7&sourceid=chrome&ie=UTF-8","560100"
"1612788117-100","https://www.google.com/search?q=pincodes+in+bangalore&oq=pincodes+in+bangalore&aqs=chrome..69i57j0j0i10i22i30j0i22i30l5.13608j0j7&sourceid=chrome&ie=UTF-8","560099"
"1612788117-5","https://www.google.com/search?q=pincodes+in+bangalore&oq=pincodes+in+bangalore&aqs=chrome..69i57j0j0i10i22i30j0i22i30l5.13608j0j7&sourceid=chrome&ie=UTF-8","560003"
"1612788117-52","https://www.google.com/search?q=pincodes+in+bangalore&oq=pincodes+in+bangalore&aqs=chrome..69i57j0j0i10i22i30j0i22i30l5.13608j0j7&sourceid=chrome&ie=UTF-8","560051"
"1612788117-35","https://www.google.com/search?q=pincodes+in+bangalore&oq=pincodes+in+bangalore&aqs=chrome..69i57j0j0i10i22i30j0i22i30l5.13608j0j7&sourceid=chrome&ie=UTF-8","560033"
"1612788117-40","https://www.google.com/search?q=pincodes+in+bangalore&oq=pincodes+in+bangalore&aqs=chrome..69i57j0j0i10i22i30j0i22i30l5.13608j0j7&sourceid=chrome&ie=UTF-8","560038"
"1612788117-50","https://www.google.com/search?q=pincodes+in+bangalore&oq=pincodes+in+bangalore&aqs=chrome..69i57j0j0i10i22i30j0i22i30l5.13608j0j7&sourceid=chrome&ie=UTF-8","560049"
"1612788117-97","https://www.google.com/search?q=pincodes+in+bangalore&oq=pincodes+in+bangalore&aqs=chrome..69i57j0j0i10i22i30j0i22i30l5.13608j0j7&sourceid=chrome&ie=UTF-8","560096"
"1612788117-32","https://www.google.com/search?q=pincodes+in+bangalore&oq=pincodes+in+bangalore&aqs=chrome..69i57j0j0i10i22i30j0i22i30l5.13608j0j7&sourceid=chrome&ie=UTF-8","560030"
"1612788117-31","https://www.google.com/search?q=pincodes+in+bangalore&oq=pincodes+in+bangalore&aqs=chrome..69i57j0j0i10i22i30j0i22i30l5.13608j0j7&sourceid=chrome&ie=UTF-8","560029"
"1612788117-12","https://www.google.com/search?q=pincodes+in+bangalore&oq=pincodes+in+bangalore&aqs=chrome..69i57j0j0i10i22i30j0i22i30l5.13608j0j7&sourceid=chrome&ie=UTF-8","560010"
"1612788117-119","https://www.google.com/search?q=pincodes+in+bangalore&oq=pincodes+in+bangalore&aqs=chrome..69i57j0j0i10i22i30j0i22i30l5.13608j0j7&sourceid=chrome&ie=UTF-8","562123"
"1612788117-29","https://www.google.com/search?q=pincodes+in+bangalore&oq=pincodes+in+bangalore&aqs=chrome..69i57j0j0i10i22i30j0i22i30l5.13608j0j7&sourceid=chrome&ie=UTF-8","560027"
"1612788117-125","https://www.google.com/search?q=pincodes+in+bangalore&oq=pincodes+in+bangalore&aqs=chrome..69i57j0j0i10i22i30j0i22i30l5.13608j0j7&sourceid=chrome&ie=UTF-8","562162"
"1612788117-114","https://www.google.com/search?q=pincodes+in+bangalore&oq=pincodes+in+bangalore&aqs=chrome..69i57j0j0i10i22i30j0i22i30l5.13608j0j7&sourceid=chrome&ie=UTF-8","561229"
"1612788117-74","https://www.google.com/search?q=pincodes+in+bangalore&oq=pincodes+in+bangalore&aqs=chrome..69i57j0j0i10i22i30j0i22i30l5.13608j0j7&sourceid=chrome&ie=UTF-8","560073"
"1612788117-87","https://www.google.com/search?q=pincodes+in+bangalore&oq=pincodes+in+bangalore&aqs=chrome..69i57j0j0i10i22i30j0i22i30l5.13608j0j7&sourceid=chrome&ie=UTF-8","560086"
"1612788117-96","https://www.google.com/search?q=pincodes+in+bangalore&oq=pincodes+in+bangalore&aqs=chrome..69i57j0j0i10i22i30j0i22i30l5.13608j0j7&sourceid=chrome&ie=UTF-8","560095"
"1612788117-71","https://www.google.com/search?q=pincodes+in+bangalore&oq=pincodes+in+bangalore&aqs=chrome..69i57j0j0i10i22i30j0i22i30l5.13608j0j7&sourceid=chrome&ie=UTF-8","560070"
"1612788117-105","https://www.google.com/search?q=pincodes+in+bangalore&oq=pincodes+in+bangalore&aqs=chrome..69i57j0j0i10i22i30j0i22i30l5.13608j0j7&sourceid=chrome&ie=UTF-8","560105"
"1612788117-8","https://www.google.com/search?q=pincodes+in+bangalore&oq=pincodes+in+bangalore&aqs=chrome..69i57j0j0i10i22i30j0i22i30l5.13608j0j7&sourceid=chrome&ie=UTF-8","560006"
"1612788117-61","https://www.google.com/search?q=pincodes+in+bangalore&oq=pincodes+in+bangalore&aqs=chrome..69i57j0j0i10i22i30j0i22i30l5.13608j0j7&sourceid=chrome&ie=UTF-8","560060"
"1612788117-98","https://www.google.com/search?q=pincodes+in+bangalore&oq=pincodes+in+bangalore&aqs=chrome..69i57j0j0i10i22i30j0i22i30l5.13608j0j7&sourceid=chrome&ie=UTF-8","560097"
"1612788117-124","https://www.google.com/search?q=pincodes+in+bangalore&oq=pincodes+in+bangalore&aqs=chrome..69i57j0j0i10i22i30j0i22i30l5.13608j0j7&sourceid=chrome&ie=UTF-8","562157"
"1612788117-104","https://www.google.com/search?q=pincodes+in+bangalore&oq=pincodes+in+bangalore&aqs=chrome..69i57j0j0i10i22i30j0i22i30l5.13608j0j7&sourceid=chrome&ie=UTF-8","560104"
"1612788117-93","https://www.google.com/search?q=pincodes+in+bangalore&oq=pincodes+in+bangalore&aqs=chrome..69i57j0j0i10i22i30j0i22i30l5.13608j0j7&sourceid=chrome&ie=UTF-8","560092"
"1612788117-109","https://www.google.com/search?q=pincodes+in+bangalore&oq=pincodes+in+bangalore&aqs=chrome..69i57j0j0i10i22i30j0i22i30l5.13608j0j7&sourceid=chrome&ie=UTF-8","560110"
"1612788117-69","https://www.google.com/search?q=pincodes+in+bangalore&oq=pincodes+in+bangalore&aqs=chrome..69i57j0j0i10i22i30j0i22i30l5.13608j0j7&sourceid=chrome&ie=UTF-8","560068"
"1612788117-127","https://www.google.com/search?q=pincodes+in+bangalore&oq=pincodes+in+bangalore&aqs=chrome..69i57j0j0i10i22i30j0i22i30l5.13608j0j7&sourceid=chrome&ie=UTF-8","635103"
"1612788117-38","https://www.google.com/search?q=pincodes+in+bangalore&oq=pincodes+in+bangalore&aqs=chrome..69i57j0j0i10i22i30j0i22i30l5.13608j0j7&sourceid=chrome&ie=UTF-8","560036"
"1612788117-37","https://www.google.com/search?q=pincodes+in+bangalore&oq=pincodes+in+bangalore&aqs=chrome..69i57j0j0i10i22i30j0i22i30l5.13608j0j7&sourceid=chrome&ie=UTF-8","560035"
"1612788117-64","https://www.google.com/search?q=pincodes+in+bangalore&oq=pincodes+in+bangalore&aqs=chrome..69i57j0j0i10i22i30j0i22i30l5.13608j0j7&sourceid=chrome&ie=UTF-8","560063"
"1612788117-41","https://www.google.com/search?q=pincodes+in+bangalore&oq=pincodes+in+bangalore&aqs=chrome..69i57j0j0i10i22i30j0i22i30l5.13608j0j7&sourceid=chrome&ie=UTF-8","560039"
"1612788117-75","https://www.google.com/search?q=pincodes+in+bangalore&oq=pincodes+in+bangalore&aqs=chrome..69i57j0j0i10i22i30j0i22i30l5.13608j0j7&sourceid=chrome&ie=UTF-8","560074"
"1612788117-123","https://www.google.com/search?q=pincodes+in+bangalore&oq=pincodes+in+bangalore&aqs=chrome..69i57j0j0i10i22i30j0i22i30l5.13608j0j7&sourceid=chrome&ie=UTF-8","562149"
"1612788117-120","https://www.google.com/search?q=pincodes+in+bangalore&oq=pincodes+in+bangalore&aqs=chrome..69i57j0j0i10i22i30j0i22i30l5.13608j0j7&sourceid=chrome&ie=UTF-8","562125"
"1612788117-51","https://www.google.com/search?q=pincodes+in+bangalore&oq=pincodes+in+bangalore&aqs=chrome..69i57j0j0i10i22i30j0i22i30l5.13608j0j7&sourceid=chrome&ie=UTF-8","560050"
"1612788117-107","https://www.google.com/search?q=pincodes+in+bangalore&oq=pincodes+in+bangalore&aqs=chrome..69i57j0j0i10i22i30j0i22i30l5.13608j0j7&sourceid=chrome&ie=UTF-8","560108"
"1612788117-3","https://www.google.com/search?q=pincodes+in+bangalore&oq=pincodes+in+bangalore&aqs=chrome..69i57j0j0i10i22i30j0i22i30l5.13608j0j7&sourceid=chrome&ie=UTF-8","560001"
"1612788117-27","https://www.google.com/search?q=pincodes+in+bangalore&oq=pincodes+in+bangalore&aqs=chrome..69i57j0j0i10i22i30j0i22i30l5.13608j0j7&sourceid=chrome&ie=UTF-8","560025"
"1612788117-6","https://www.google.com/search?q=pincodes+in+bangalore&oq=pincodes+in+bangalore&aqs=chrome..69i57j0j0i10i22i30j0i22i30l5.13608j0j7&sourceid=chrome&ie=UTF-8","560004"
